{"acteur": {"@xmlns": "http://schemas.assemblee-nationale.fr/referentiel", "uid": {"@xmlns:xsi": "http://www.w3.org/2001/XMLSchema-instance", "@xsi:type": "IdActeur_type", "#text": "PA720286"}, "etatCivil": {"ident": {"civ": "Mme", "prenom": "Caroline", "nom": "Fiat", "alpha": "Fiat", "trigramme": {"@xmlns:xsi": "http://www.w3.org/2001/XMLSchema-instance", "@xsi:nil": "true"}}, "infoNaissance": {"dateNais": "1977-01-28", "villeNais": "Verdun", "depNais": "Meuse", "paysNais": "France"}, "dateDeces": {"@xmlns:xsi": "http://www.w3.org/2001/XMLSchema-instance", "@xsi:nil": "true"}}, "profession": {"libelleCourant": "Salari\u00e9e du secteur m\u00e9dical", "socProcINSEE": {"catSocPro": "Ouvriers qualifi\u00e9s", "famSocPro": "Ouvriers"}}, "uri_hatvp": {"@xmlns:xsi": "http://www.w3.org/2001/XMLSchema-instance", "@xsi:nil": "true"}, "adresses": {"adresse": [{"@xmlns:xsi": "http://www.w3.org/2001/XMLSchema-instance", "@xsi:type": "AdressePostale_Type", "uid": "AD720288", "type": "0", "typeLibelle": "Adresse officielle", "poids": "1", "adresseDeRattachement": null, "intitule": "Assembl\u00e9e nationale,", "numeroRue": "126", "nomRue": "Rue de l'Universit\u00e9,", "complementAdresse": null, "codePostal": "75355", "ville": "Paris 07 SP"}, {"@xmlns:xsi": "http://www.w3.org/2001/XMLSchema-instance", "@xsi:type": "AdresseSiteWeb_Type", "uid": "AD725946", "type": "25", "typeLibelle": "Facebook", "poids": null, "adresseDeRattachement": null, "valElec": "kro.epousefiat"}, {"@xmlns:xsi": "http://www.w3.org/2001/XMLSchema-instance", "@xsi:type": "AdressePostale_Type", "uid": "AD798735", "type": "2", "typeLibelle": "Adresse publi\u00e9e de circonscription", "poids": "22", "adresseDeRattachement": null, "intitule": null, "numeroRue": "24", "nomRue": "Rue Thibault II", "complementAdresse": null, "codePostal": "54700", "ville": "Pont-\u00e0-Mousson"}, {"@xmlns:xsi": "http://www.w3.org/2001/XMLSchema-instance", "@xsi:type": "AdresseMail_Type", "uid": "AD798799", "type": "15", "typeLibelle": "M\u00e8l", "poids": null, "adresseDeRattachement": null, "valElec": "Caroline.Fiat@assemblee-nationale.fr"}, {"@xmlns:xsi": "http://www.w3.org/2001/XMLSchema-instance", "@xsi:type": "AdresseSiteWeb_Type", "uid": "AD798815", "type": "24", "typeLibelle": "Twitter", "poids": null, "adresseDeRattachement": null, "valElec": "@CarolineFiat54"}]}, "mandats": {"mandat": [{"@xmlns:xsi": "http://www.w3.org/2001/XMLSchema-instance", "@xsi:type": "MandatParlementaire_type", "uid": "PM827661", "acteurRef": "PA720286", "legislature": "16", "typeOrgane": "CONFPT", "dateDebut": "2022-06-29", "datePublication": null, "dateFin": "2024-06-09", "preseance": "20", "nominPrincipale": "1", "infosQualite": {"codeQualite": "Membre", "libQualite": "Membre", "libQualiteSex": null}, "organes": {"organeRef": "PO800480"}, "suppleants": null, "chambre": null, "election": {"lieu": {"region": null, "regionType": null, "departement": null, "numDepartement": null, "numCirco": null}, "causeMandat": null}, "mandature": {"datePriseFonction": null, "causeFin": null, "premiereElection": "0", "placeHemicycle": null, "mandatRemplaceRef": null}, "collaborateurs": null}, {"@xmlns:xsi": "http://www.w3.org/2001/XMLSchema-instance", "@xsi:type": "MandatSimple_Type", "uid": "PM802618", "acteurRef": "PA720286", "legislature": "16", "typeOrgane": "DELEGBUREAU", "dateDebut": "2022-07-20", "datePublication": null, "dateFin": "2024-06-09", "preseance": "24", "nominPrincipale": "0", "infosQualite": {"codeQualite": "Membre", "libQualite": "Membre", "libQualiteSex": "Membre"}, "organes": {"organeRef": "PO802614"}}, {"@xmlns:xsi": "http://www.w3.org/2001/XMLSchema-instance", "@xsi:type": "MandatSimple_Type", "uid": "PM803649", "acteurRef": "PA720286", "legislature": "16", "typeOrgane": "DELEGBUREAU", "dateDebut": "2022-09-08", "datePublication": null, "dateFin": "2024-06-09", "preseance": "24", "nominPrincipale": "1", "infosQualite": {"codeQualite": "Membre", "libQualite": "Membre", "libQualiteSex": "Membre"}, "organes": {"organeRef": "PO802602"}}, {"@xmlns:xsi": "http://www.w3.org/2001/XMLSchema-instance", "@xsi:type": "MandatSimple_Type", "uid": "PM806639", "acteurRef": "PA720286", "legislature": null, "typeOrgane": "PARPOL", "dateDebut": "2022-12-02", "datePublication": null, "dateFin": "2024-06-09", "preseance": "5", "nominPrincipale": "1", "infosQualite": {"codeQualite": "Membre", "libQualite": "Membre", "libQualiteSex": "Membre"}, "organes": {"organeRef": "PO744856"}}, {"@xmlns:xsi": "http://www.w3.org/2001/XMLSchema-instance", "@xsi:type": "MandatSimple_Type", "uid": "PM836936", "acteurRef": "PA720286", "legislature": "16", "typeOrgane": "CNPS", "dateDebut": "2024-04-10", "datePublication": "2024-04-10", "dateFin": "2024-06-09", "preseance": "20", "nominPrincipale": "0", "infosQualite": {"codeQualite": "Membre", "libQualite": "Membre", "libQualiteSex": "Membre"}, "organes": {"organeRef": "PO836892"}}, {"@xmlns:xsi": "http://www.w3.org/2001/XMLSchema-instance", "@xsi:type": "MandatSimple_Type", "uid": "PM802619", "acteurRef": "PA720286", "legislature": "16", "typeOrgane": "DELEGBUREAU", "dateDebut": "2022-07-20", "datePublication": null, "dateFin": "2024-06-09", "preseance": "1", "nominPrincipale": "1", "infosQualite": {"codeQualite": "Pr\u00e9sident", "libQualite": "Pr\u00e9sident", "libQualiteSex": "Pr\u00e9sidente"}, "organes": {"organeRef": "PO802614"}}, {"@xmlns:xsi": "http://www.w3.org/2001/XMLSchema-instance", "@xsi:type": "MandatSimple_Type", "uid": "PM800727", "acteurRef": "PA720286", "legislature": "16", "typeOrgane": "GP", "dateDebut": "2022-06-29", "datePublication": "2022-06-29", "dateFin": "2024-06-09", "preseance": "20", "nominPrincipale": "1", "infosQualite": {"codeQualite": "Membre", "libQualite": "Membre du", "libQualiteSex": "Membre du"}, "organes": {"organeRef": "PO800490"}}, {"@xmlns:xsi": "http://www.w3.org/2001/XMLSchema-instance", "@xsi:type": "MandatSimple_Type", "uid": "PM837039", "acteurRef": "PA720286", "legislature": "16", "typeOrgane": "CNPS", "dateDebut": "2024-04-10", "datePublication": "2024-04-11", "dateFin": "2024-06-09", "preseance": "16", "nominPrincipale": "1", "infosQualite": {"codeQualite": "Rapporteur th\u00e9matique", "libQualite": "Rapporteur th\u00e9matique", "libQualiteSex": "Rapporteure th\u00e9matique"}, "organes": {"organeRef": "PO836892"}}, {"@xmlns:xsi": "http://www.w3.org/2001/XMLSchema-instance", "@xsi:type": "MandatParlementaire_type", "uid": "PM801151", "acteurRef": "PA720286", "legislature": "16", "typeOrgane": "BUREAU", "dateDebut": "2022-06-29", "datePublication": "2022-06-30", "dateFin": "2024-06-09", "preseance": "8", "nominPrincipale": "1", "infosQualite": {"codeQualite": "Vice-Pr\u00e9sident", "libQualite": "Vice-pr\u00e9sident de l'Assembl\u00e9e nationale", "libQualiteSex": "Vice-pr\u00e9sidente de l'Assembl\u00e9e nationale"}, "organes": {"organeRef": "PO800442"}, "suppleants": null, "chambre": null, "election": {"lieu": {"region": null, "regionType": null, "departement": null, "numDepartement": null, "numCirco": null}, "causeMandat": null}, "mandature": {"datePriseFonction": null, "causeFin": null, "premiereElection": "0", "placeHemicycle": null, "mandatRemplaceRef": null}, "collaborateurs": null}, {"@xmlns:xsi": "http://www.w3.org/2001/XMLSchema-instance", "@xsi:type": "MandatSimple_Type", "uid": "PM816266", "acteurRef": "PA720286", "legislature": "16", "typeOrgane": "ORGEXTPARL", "dateDebut": "2022-11-10", "datePublication": "2022-11-11", "dateFin": "2024-06-09", "preseance": "20", "nominPrincipale": "1", "infosQualite": {"codeQualite": "Titulaire", "libQualite": "Membre titulaire", "libQualiteSex": "Membre titulaire"}, "organes": {"organeRef": "PO717436"}}, {"@xmlns:xsi": "http://www.w3.org/2001/XMLSchema-instance", "@xsi:type": "MandatSimple_Type", "uid": "PM816447", "acteurRef": "PA720286", "legislature": "16", "typeOrgane": "ORGEXTPARL", "dateDebut": "2022-11-22", "datePublication": "2022-11-23", "dateFin": "2024-06-09", "preseance": "20", "nominPrincipale": "1", "infosQualite": {"codeQualite": "Titulaire", "libQualite": "Membre titulaire", "libQualiteSex": "Membre titulaire"}, "organes": {"organeRef": "PO763346"}}, {"@xmlns:xsi": "http://www.w3.org/2001/XMLSchema-instance", "@xsi:type": "MandatSimple_Type", "uid": "PM817984", "acteurRef": "PA720286", "legislature": "16", "typeOrgane": "COMPER", "dateDebut": "2023-02-02", "datePublication": "2023-02-02", "dateFin": "2023-05-25", "preseance": "32", "nominPrincipale": "1", "infosQualite": {"codeQualite": "Membre", "libQualite": "Membre", "libQualiteSex": "Membre"}, "organes": {"organeRef": "PO420120"}}, {"@xmlns:xsi": "http://www.w3.org/2001/XMLSchema-instance", "@xsi:type": "MandatSimple_Type", "uid": "PM838196", "acteurRef": "PA720286", "legislature": "16", "typeOrgane": "COMPER", "dateDebut": "2024-05-23", "datePublication": "2024-05-23", "dateFin": "2024-06-04", "preseance": "32", "nominPrincipale": "1", "infosQualite": {"codeQualite": "Membre", "libQualite": "Membre", "libQualiteSex": "Membre"}, "organes": {"organeRef": "PO420120"}}, {"@xmlns:xsi": "http://www.w3.org/2001/XMLSchema-instance", "@xsi:type": "MandatSimple_Type", "uid": "PM838092", "acteurRef": "PA720286", "legislature": "16", "typeOrgane": "COMPER", "dateDebut": "2024-05-22", "datePublication": "2024-05-22", "dateFin": "2024-05-22", "preseance": "32", "nominPrincipale": "1", "infosQualite": {"codeQualite": "Membre", "libQualite": "Membre", "libQualiteSex": "Membre"}, "organes": {"organeRef": "PO59048"}}, {"@xmlns:xsi": "http://www.w3.org/2001/XMLSchema-instance", "@xsi:type": "MandatSimple_Type", "uid": "PM827323", "acteurRef": "PA720286", "legislature": "16", "typeOrgane": "COMPER", "dateDebut": "2023-09-21", "datePublication": "2023-09-21", "dateFin": "2023-09-21", "preseance": "32", "nominPrincipale": "1", "infosQualite": {"codeQualite": "Membre", "libQualite": "Membre", "libQualiteSex": "Membre"}, "organes": {"organeRef": "PO419610"}}, {"@xmlns:xsi": "http://www.w3.org/2001/XMLSchema-instance", "@xsi:type": "MandatSimple_Type", "uid": "PM827300", "acteurRef": "PA720286", "legislature": "16", "typeOrgane": "COMPER", "dateDebut": "2023-09-20", "datePublication": "2023-09-20", "dateFin": "2023-09-20", "preseance": "32", "nominPrincipale": "1", "infosQualite": {"codeQualite": "Membre", "libQualite": "Membre", "libQualiteSex": "Membre"}, "organes": {"organeRef": "PO59046"}}, {"@xmlns:xsi": "http://www.w3.org/2001/XMLSchema-instance", "@xsi:type": "MandatSimple_Type", "uid": "PM824570", "acteurRef": "PA720286", "legislature": "16", "typeOrgane": "COMPER", "dateDebut": "2023-06-01", "datePublication": "2023-06-01", "dateFin": "2023-09-19", "preseance": "32", "nominPrincipale": "1", "infosQualite": {"codeQualite": "Membre", "libQualite": "Membre", "libQualiteSex": "Membre"}, "organes": {"organeRef": "PO420120"}}, {"@xmlns:xsi": "http://www.w3.org/2001/XMLSchema-instance", "@xsi:type": "MandatSimple_Type", "uid": "PM817091", "acteurRef": "PA720286", "legislature": "16", "typeOrgane": "COMPER", "dateDebut": "2023-01-28", "datePublication": "2023-01-28", "dateFin": "2023-02-01", "preseance": "32", "nominPrincipale": "1", "infosQualite": {"codeQualite": "Membre", "libQualite": "Membre", "libQualiteSex": "Membre"}, "organes": {"organeRef": "PO59047"}}, {"@xmlns:xsi": "http://www.w3.org/2001/XMLSchema-instance", "@xsi:type": "MandatSimple_Type", "uid": "PM827347", "acteurRef": "PA720286", "legislature": "16", "typeOrgane": "COMPER", "dateDebut": "2023-09-22", "datePublication": "2023-09-22", "dateFin": "2024-03-26", "preseance": "32", "nominPrincipale": "1", "infosQualite": {"codeQualite": "Membre", "libQualite": "Membre", "libQualiteSex": "Membre"}, "organes": {"organeRef": "PO420120"}}, {"@xmlns:xsi": "http://www.w3.org/2001/XMLSchema-instance", "@xsi:type": "MandatSimple_Type", "uid": "PM836560", "acteurRef": "PA720286", "legislature": "16", "typeOrgane": "COMPER", "dateDebut": "2024-03-28", "datePublication": "2024-03-28", "dateFin": "2024-05-21", "preseance": "32", "nominPrincipale": "1", "infosQualite": {"codeQualite": "Membre", "libQualite": "Membre", "libQualiteSex": "Membre"}, "organes": {"organeRef": "PO420120"}}, {"@xmlns:xsi": "http://www.w3.org/2001/XMLSchema-instance", "@xsi:type": "MandatSimple_Type", "uid": "PM838561", "acteurRef": "PA720286", "legislature": "16", "typeOrgane": "COMPER", "dateDebut": "2024-06-05", "datePublication": "2024-06-05", "dateFin": "2024-06-05", "preseance": "32", "nominPrincipale": "1", "infosQualite": {"codeQualite": "Membre", "libQualite": "Membre", "libQualiteSex": "Membre"}, "organes": {"organeRef": "PO419610"}}, {"@xmlns:xsi": "http://www.w3.org/2001/XMLSchema-instance", "@xsi:type": "MandatSimple_Type", "uid": "PM838632", "acteurRef": "PA720286", "legislature": "16", "typeOrgane": "COMPER", "dateDebut": "2024-06-06", "datePublication": "2024-06-06", "dateFin": "2024-06-09", "preseance": "32", "nominPrincipale": "1", "infosQualite": {"codeQualite": "Membre", "libQualite": "Membre", "libQualiteSex": "Membre"}, "organes": {"organeRef": "PO420120"}}, {"@xmlns:xsi": "http://www.w3.org/2001/XMLSchema-instance", "@xsi:type": "MandatSimple_Type", "uid": "PM801487", "acteurRef": "PA720286", "legislature": "16", "typeOrgane": "COMPER", "dateDebut": "2022-06-30", "datePublication": "2022-06-30", "dateFin": "2023-01-27", "preseance": "32", "nominPrincipale": "1", "infosQualite": {"codeQualite": "Membre", "libQualite": "Membre", "libQualiteSex": "Membre"}, "organes": {"organeRef": "PO420120"}}, {"@xmlns:xsi": "http://www.w3.org/2001/XMLSchema-instance", "@xsi:type": "MandatSimple_Type", "uid": "PM836427", "acteurRef": "PA720286", "legislature": "16", "typeOrgane": "COMPER", "dateDebut": "2024-03-27", "datePublication": "2024-03-27", "dateFin": "2024-03-27", "preseance": "32", "nominPrincipale": "1", "infosQualite": {"codeQualite": "Membre", "libQualite": "Membre", "libQualiteSex": "Membre"}, "organes": {"organeRef": "PO59047"}}, {"@xmlns:xsi": "http://www.w3.org/2001/XMLSchema-instance", "@xsi:type": "MandatSimple_Type", "uid": "PM824320", "acteurRef": "PA720286", "legislature": "16", "typeOrgane": "COMPER", "dateDebut": "2023-05-26", "datePublication": "2023-05-26", "dateFin": "2023-05-31", "preseance": "32", "nominPrincipale": "1", "infosQualite": {"codeQualite": "Membre", "libQualite": "Membre", "libQualiteSex": "Membre"}, "organes": {"organeRef": "PO419610"}}, {"@xmlns:xsi": "http://www.w3.org/2001/XMLSchema-instance", "@xsi:type": "MandatSimple_Type", "uid": "PM796879", "acteurRef": "PA720286", "legislature": "16", "typeOrgane": "GP", "dateDebut": "2022-06-22", "datePublication": null, "dateFin": "2022-06-28", "preseance": "28", "nominPrincipale": "1", "infosQualite": {"codeQualite": "D\u00e9put\u00e9 non-inscrit", "libQualite": "D\u00e9put\u00e9 non-inscrit", "libQualiteSex": "D\u00e9put\u00e9e non-inscrite"}, "organes": {"organeRef": "PO793087"}}, {"@xmlns:xsi": "http://www.w3.org/2001/XMLSchema-instance", "@xsi:type": "MandatSimple_Type", "uid": "PM833774", "acteurRef": "PA720286", "legislature": "16", "typeOrgane": "GE", "dateDebut": "2024-01-16", "datePublication": null, "dateFin": "2024-06-09", "preseance": "20", "nominPrincipale": "1", "infosQualite": {"codeQualite": "Membre", "libQualite": "Membre", "libQualiteSex": "Membre"}, "organes": {"organeRef": "PO807221"}}, {"@xmlns:xsi": "http://www.w3.org/2001/XMLSchema-instance", "@xsi:type": "MandatSimple_Type", "uid": "PM833668", "acteurRef": "PA720286", "legislature": "16", "typeOrgane": "GE", "dateDebut": "2024-01-11", "datePublication": null, "dateFin": "2024-06-09", "preseance": "20", "nominPrincipale": "1", "infosQualite": {"codeQualite": "Membre", "libQualite": "Membre", "libQualiteSex": "Membre"}, "organes": {"organeRef": "PO810736"}}, {"@xmlns:xsi": "http://www.w3.org/2001/XMLSchema-instance", "@xsi:type": "MandatSimple_Type", "uid": "PM833747", "acteurRef": "PA720286", "legislature": "16", "typeOrgane": "GE", "dateDebut": "2024-01-15", "datePublication": null, "dateFin": "2024-06-09", "preseance": "20", "nominPrincipale": "0", "infosQualite": {"codeQualite": "Membre", "libQualite": "Membre", "libQualiteSex": "Membre"}, "organes": {"organeRef": "PO808086"}}, {"@xmlns:xsi": "http://www.w3.org/2001/XMLSchema-instance", "@xsi:type": "MandatSimple_Type", "uid": "PM833751", "acteurRef": "PA720286", "legislature": "16", "typeOrgane": "GE", "dateDebut": "2024-01-12", "datePublication": null, "dateFin": "2024-06-09", "preseance": "20", "nominPrincipale": "0", "infosQualite": {"codeQualite": "Membre", "libQualite": "Membre", "libQualiteSex": "Membre"}, "organes": {"organeRef": "PO807411"}}, {"@xmlns:xsi": "http://www.w3.org/2001/XMLSchema-instance", "@xsi:type": "MandatSimple_Type", "uid": "PM833749", "acteurRef": "PA720286", "legislature": "16", "typeOrgane": "GE", "dateDebut": "2024-01-15", "datePublication": null, "dateFin": "2024-06-09", "preseance": "20", "nominPrincipale": "1", "infosQualite": {"codeQualite": "Membre", "libQualite": "Membre", "libQualiteSex": "Membre"}, "organes": {"organeRef": "PO810643"}}, {"@xmlns:xsi": "http://www.w3.org/2001/XMLSchema-instance", "@xsi:type": "MandatSimple_Type", "uid": "PM833771", "acteurRef": "PA720286", "legislature": "16", "typeOrgane": "GE", "dateDebut": "2024-01-16", "datePublication": null, "dateFin": "2024-06-09", "preseance": "20", "nominPrincipale": "1", "infosQualite": {"codeQualite": "Membre", "libQualite": "Membre", "libQualiteSex": "Membre"}, "organes": {"organeRef": "PO808292"}}, {"@xmlns:xsi": "http://www.w3.org/2001/XMLSchema-instance", "@xsi:type": "MandatSimple_Type", "uid": "PM833769", "acteurRef": "PA720286", "legislature": "16", "typeOrgane": "GE", "dateDebut": "2024-01-16", "datePublication": null, "dateFin": "2024-06-09", "preseance": "20", "nominPrincipale": "1", "infosQualite": {"codeQualite": "Membre", "libQualite": "Membre", "libQualiteSex": "Membre"}, "organes": {"organeRef": "PO810607"}}, {"@xmlns:xsi": "http://www.w3.org/2001/XMLSchema-instance", "@xsi:type": "MandatSimple_Type", "uid": "PM833773", "acteurRef": "PA720286", "legislature": "16", "typeOrgane": "GE", "dateDebut": "2024-01-16", "datePublication": null, "dateFin": "2024-06-09", "preseance": "12", "nominPrincipale": "1", "infosQualite": {"codeQualite": "Secr\u00e9taire", "libQualite": "Secr\u00e9taire", "libQualiteSex": "Secr\u00e9taire"}, "organes": {"organeRef": "PO810683"}}, {"@xmlns:xsi": "http://www.w3.org/2001/XMLSchema-instance", "@xsi:type": "MandatSimple_Type", "uid": "PM818614", "acteurRef": "PA720286", "legislature": "16", "typeOrgane": "GE", "dateDebut": "2023-02-06", "datePublication": null, "dateFin": "2024-06-09", "preseance": "20", "nominPrincipale": "1", "infosQualite": {"codeQualite": "Membre", "libQualite": "Membre", "libQualiteSex": "Membre"}, "organes": {"organeRef": "PO808076"}}, {"@xmlns:xsi": "http://www.w3.org/2001/XMLSchema-instance", "@xsi:type": "MandatSimple_Type", "uid": "PM833750", "acteurRef": "PA720286", "legislature": "16", "typeOrgane": "GE", "dateDebut": "2024-01-15", "datePublication": null, "dateFin": "2024-06-09", "preseance": "20", "nominPrincipale": "1", "infosQualite": {"codeQualite": "Membre", "libQualite": "Membre", "libQualiteSex": "Membre"}, "organes": {"organeRef": "PO810772"}}, {"@xmlns:xsi": "http://www.w3.org/2001/XMLSchema-instance", "@xsi:type": "MandatSimple_Type", "uid": "PM833748", "acteurRef": "PA720286", "legislature": "16", "typeOrgane": "GE", "dateDebut": "2024-01-15", "datePublication": null, "dateFin": "2024-06-09", "preseance": "12", "nominPrincipale": "1", "infosQualite": {"codeQualite": "Secr\u00e9taire", "libQualite": "Secr\u00e9taire", "libQualiteSex": "Secr\u00e9taire"}, "organes": {"organeRef": "PO808086"}}, {"@xmlns:xsi": "http://www.w3.org/2001/XMLSchema-instance", "@xsi:type": "MandatSimple_Type", "uid": "PM833585", "acteurRef": "PA720286", "legislature": "16", "typeOrgane": "GE", "dateDebut": "2024-01-10", "datePublication": null, "dateFin": "2024-06-09", "preseance": "20", "nominPrincipale": "1", "infosQualite": {"codeQualite": "Membre", "libQualite": "Membre", "libQualiteSex": "Membre"}, "organes": {"organeRef": "PO810741"}}, {"@xmlns:xsi": "http://www.w3.org/2001/XMLSchema-instance", "@xsi:type": "MandatSimple_Type", "uid": "PM833772", "acteurRef": "PA720286", "legislature": "16", "typeOrgane": "GE", "dateDebut": "2024-01-16", "datePublication": null, "dateFin": "2024-06-09", "preseance": "20", "nominPrincipale": "0", "infosQualite": {"codeQualite": "Membre", "libQualite": "Membre", "libQualiteSex": "Membre"}, "organes": {"organeRef": "PO810683"}}, {"@xmlns:xsi": "http://www.w3.org/2001/XMLSchema-instance", "@xsi:type": "MandatSimple_Type", "uid": "PM814165", "acteurRef": "PA720286", "legislature": "16", "typeOrgane": "GA", "dateDebut": "2022-12-20", "datePublication": null, "dateFin": "2024-06-09", "preseance": "20", "nominPrincipale": "0", "infosQualite": {"codeQualite": "Membre", "libQualite": "Membre", "libQualiteSex": "Membre"}, "organes": {"organeRef": "PO807246"}}, {"@xmlns:xsi": "http://www.w3.org/2001/XMLSchema-instance", "@xsi:type": "MandatSimple_Type", "uid": "PM822665", "acteurRef": "PA720286", "legislature": "16", "typeOrgane": "CMP", "dateDebut": "2023-03-30", "datePublication": "2023-04-05", "dateFin": "2023-05-10", "preseance": "28", "nominPrincipale": "1", "infosQualite": {"codeQualite": "Suppl\u00e9ant", "libQualite": "Membre suppl\u00e9ant", "libQualiteSex": "Membre suppl\u00e9ante"}, "organes": {"organeRef": "PO821826"}}, {"@xmlns:xsi": "http://www.w3.org/2001/XMLSchema-instance", "@xsi:type": "MandatSimple_Type", "uid": "PM831801", "acteurRef": "PA720286", "legislature": "16", "typeOrgane": "CMP", "dateDebut": "2023-11-16", "datePublication": "2023-11-17", "dateFin": "2023-12-04", "preseance": "28", "nominPrincipale": "1", "infosQualite": {"codeQualite": "Suppl\u00e9ant", "libQualite": "Membre suppl\u00e9ant", "libQualiteSex": "Membre suppl\u00e9ante"}, "organes": {"organeRef": "PO831775"}}, {"@xmlns:xsi": "http://www.w3.org/2001/XMLSchema-instance", "@xsi:type": "MandatParlementaire_type", "uid": "PM796878", "acteurRef": "PA720286", "legislature": "16", "typeOrgane": "ASSEMBLEE", "dateDebut": "2022-06-19", "datePublication": null, "dateFin": "2024-06-09", "preseance": "50", "nominPrincipale": "1", "infosQualite": {"codeQualite": "membre", "libQualite": "membre", "libQualiteSex": "membre"}, "organes": {"organeRef": "PO791932"}, "suppleants": {"suppleant": {"dateDebut": "2022-06-19", "dateFin": "2024-06-09", "suppleantRef": "PA794370"}}, "chambre": null, "election": {"lieu": {"region": "Grand Est", "regionType": "M\u00e9tropolitain", "departement": "Meurthe-et-Moselle", "numDepartement": "54", "numCirco": "6"}, "causeMandat": "\u00e9lections g\u00e9n\u00e9rales", "refCirconscription": "PO792066"}, "mandature": {"datePriseFonction": "2022-06-22", "causeFin": "Fin de l\u00e9gislature", "premiereElection": "1", "placeHemicycle": "607", "mandatRemplaceRef": null}, "collaborateurs": null}, {"@xmlns:xsi": "http://www.w3.org/2001/XMLSchema-instance", "@xsi:type": "MandatSimple_Type", "uid": "PM833752", "acteurRef": "PA720286", "legislature": "16", "typeOrgane": "GE", "dateDebut": "2024-01-12", "datePublication": null, "dateFin": "2024-06-09", "preseance": "8", "nominPrincipale": "1", "infosQualite": {"codeQualite": "Vice-Pr\u00e9sident", "libQualite": "Vice-Pr\u00e9sident", "libQualiteSex": "Vice-Pr\u00e9sidente"}, "organes": {"organeRef": "PO807411"}}, {"@xmlns:xsi": "http://www.w3.org/2001/XMLSchema-instance", "@xsi:type": "MandatSimple_Type", "uid": "PM814166", "acteurRef": "PA720286", "legislature": "16", "typeOrgane": "GA", "dateDebut": "2022-12-20", "datePublication": null, "dateFin": "2024-06-09", "preseance": "8", "nominPrincipale": "1", "infosQualite": {"codeQualite": "Vice-Pr\u00e9sident", "libQualite": "Vice-Pr\u00e9sident", "libQualiteSex": "Vice-Pr\u00e9sidente"}, "organes": {"organeRef": "PO807246"}}]}}}