{"acteur": {"@xmlns": "http://schemas.assemblee-nationale.fr/referentiel", "uid": {"@xmlns:xsi": "http://www.w3.org/2001/XMLSchema-instance", "@xsi:type": "IdActeur_type", "#text": "PA795982"}, "etatCivil": {"ident": {"civ": "M.", "prenom": "Aur\u00e9lien", "nom": "Saintoul", "alpha": "Saintoul", "trigramme": {"@xmlns:xsi": "http://www.w3.org/2001/XMLSchema-instance", "@xsi:nil": "true"}}, "infoNaissance": {"dateNais": "1988-05-26", "villeNais": "Drancy", "depNais": "Seine-Saint-Denis", "paysNais": "France"}, "dateDeces": {"@xmlns:xsi": "http://www.w3.org/2001/XMLSchema-instance", "@xsi:nil": "true"}}, "profession": {"libelleCourant": "Cadre de la fonction publique", "socProcINSEE": {"catSocPro": "Cadres de la fonction publique, professions intellectuelles et  artistiques", "famSocPro": "Cadres et professions intellectuelles sup\u00e9rieures"}}, "uri_hatvp": {"@xmlns:xsi": "http://www.w3.org/2001/XMLSchema-instance", "@xsi:nil": "true"}, "adresses": {"adresse": [{"@xmlns:xsi": "http://www.w3.org/2001/XMLSchema-instance", "@xsi:type": "AdressePostale_Type", "uid": "AD795984", "type": "0", "typeLibelle": "Adresse officielle", "poids": "1", "adresseDeRattachement": null, "intitule": "Assembl\u00e9e nationale,", "numeroRue": "126", "nomRue": "Rue de l'Universit\u00e9,", "complementAdresse": null, "codePostal": "75355", "ville": "Paris 07 SP"}, {"@xmlns:xsi": "http://www.w3.org/2001/XMLSchema-instance", "@xsi:type": "AdresseMail_Type", "uid": "AD798281", "type": "15", "typeLibelle": "M\u00e8l", "poids": null, "adresseDeRattachement": null, "valElec": "aurelien.saintoul@assemblee-nationale.fr"}, {"@xmlns:xsi": "http://www.w3.org/2001/XMLSchema-instance", "@xsi:type": "AdresseSiteWeb_Type", "uid": "AD798425", "type": "24", "typeLibelle": "Twitter", "poids": null, "adresseDeRattachement": null, "valElec": "@A_Saintoul"}]}, "mandats": {"mandat": [{"@xmlns:xsi": "http://www.w3.org/2001/XMLSchema-instance", "@xsi:type": "MandatSimple_Type", "uid": "PM803731", "acteurRef": "PA795982", "legislature": "16", "typeOrgane": "API", "dateDebut": "2022-09-07", "datePublication": null, "dateFin": "2024-06-09", "preseance": "41", "nominPrincipale": "1", "infosQualite": {"codeQualite": "Titulaire", "libQualite": "Membre titulaire", "libQualiteSex": "Membre titulaire"}, "organes": {"organeRef": "PO58974"}}, {"@xmlns:xsi": "http://www.w3.org/2001/XMLSchema-instance", "@xsi:type": "MandatSimple_Type", "uid": "PM806939", "acteurRef": "PA795982", "legislature": null, "typeOrgane": "PARPOL", "dateDebut": "2022-12-02", "datePublication": null, "dateFin": "2024-06-09", "preseance": "5", "nominPrincipale": "1", "infosQualite": {"codeQualite": "Membre", "libQualite": "Membre", "libQualiteSex": "Membre"}, "organes": {"organeRef": "PO744856"}}, {"@xmlns:xsi": "http://www.w3.org/2001/XMLSchema-instance", "@xsi:type": "MandatSimple_Type", "uid": "PM838006", "acteurRef": "PA795982", "legislature": "16", "typeOrgane": "CNPS", "dateDebut": "2024-05-18", "datePublication": "2024-05-18", "dateFin": "2024-06-09", "preseance": "20", "nominPrincipale": "1", "infosQualite": {"codeQualite": "Membre", "libQualite": "Membre", "libQualiteSex": "Membre"}, "organes": {"organeRef": "PO837835"}}, {"@xmlns:xsi": "http://www.w3.org/2001/XMLSchema-instance", "@xsi:type": "MandatSimple_Type", "uid": "PM827333", "acteurRef": "PA795982", "legislature": "16", "typeOrgane": "CNPS", "dateDebut": "2023-09-21", "datePublication": "2023-09-21", "dateFin": "2024-04-10", "preseance": "20", "nominPrincipale": "1", "infosQualite": {"codeQualite": "Membre", "libQualite": "Membre", "libQualiteSex": "Membre"}, "organes": {"organeRef": "PO826232"}}, {"@xmlns:xsi": "http://www.w3.org/2001/XMLSchema-instance", "@xsi:type": "MandatSimple_Type", "uid": "PM825629", "acteurRef": "PA795982", "legislature": "16", "typeOrgane": "CNPS", "dateDebut": "2023-06-28", "datePublication": "2023-06-28", "dateFin": "2023-10-11", "preseance": "20", "nominPrincipale": "1", "infosQualite": {"codeQualite": "Membre", "libQualite": "Membre", "libQualiteSex": "Membre"}, "organes": {"organeRef": "PO825530"}}, {"@xmlns:xsi": "http://www.w3.org/2001/XMLSchema-instance", "@xsi:type": "MandatSimple_Type", "uid": "PM826912", "acteurRef": "PA795982", "legislature": "16", "typeOrgane": "CNPS", "dateDebut": "2023-08-29", "datePublication": "2023-08-29", "dateFin": "2023-08-29", "preseance": "20", "nominPrincipale": "1", "infosQualite": {"codeQualite": "Membre", "libQualite": "Membre", "libQualiteSex": "Membre"}, "organes": {"organeRef": "PO826232"}}, {"@xmlns:xsi": "http://www.w3.org/2001/XMLSchema-instance", "@xsi:type": "MandatSimple_Type", "uid": "PM831754", "acteurRef": "PA795982", "legislature": "16", "typeOrgane": "CNPE", "dateDebut": "2023-11-15", "datePublication": "2023-11-17", "dateFin": "2024-05-07", "preseance": "20", "nominPrincipale": "1", "infosQualite": {"codeQualite": "Membre", "libQualite": "Membre", "libQualiteSex": "Membre"}, "organes": {"organeRef": "PO831733"}}, {"@xmlns:xsi": "http://www.w3.org/2001/XMLSchema-instance", "@xsi:type": "MandatSimple_Type", "uid": "PM837798", "acteurRef": "PA795982", "legislature": "16", "typeOrgane": "CNPE", "dateDebut": "2024-05-14", "datePublication": "2024-05-14", "dateFin": "2024-06-09", "preseance": "20", "nominPrincipale": "1", "infosQualite": {"codeQualite": "Membre", "libQualite": "Membre", "libQualiteSex": "Membre"}, "organes": {"organeRef": "PO837632"}}, {"@xmlns:xsi": "http://www.w3.org/2001/XMLSchema-instance", "@xsi:type": "MandatSimple_Type", "uid": "PM812777", "acteurRef": "PA795982", "legislature": "16", "typeOrgane": "CNPE", "dateDebut": "2022-12-14", "datePublication": "2022-12-14", "dateFin": "2023-06-01", "preseance": "20", "nominPrincipale": "1", "infosQualite": {"codeQualite": "Membre", "libQualite": "Membre", "libQualiteSex": "Membre"}, "organes": {"organeRef": "PO812752"}}, {"@xmlns:xsi": "http://www.w3.org/2001/XMLSchema-instance", "@xsi:type": "MandatSimple_Type", "uid": "PM838366", "acteurRef": "PA795982", "legislature": "16", "typeOrgane": "CNPE", "dateDebut": "2024-05-29", "datePublication": "2024-05-29", "dateFin": "2024-06-09", "preseance": "14", "nominPrincipale": "1", "infosQualite": {"codeQualite": "Secr\u00e9taire", "libQualite": "Secr\u00e9taire", "libQualiteSex": "Secr\u00e9taire"}, "organes": {"organeRef": "PO837632"}}, {"@xmlns:xsi": "http://www.w3.org/2001/XMLSchema-instance", "@xsi:type": "MandatSimple_Type", "uid": "PM832712", "acteurRef": "PA795982", "legislature": "16", "typeOrgane": "CNPE", "dateDebut": "2023-12-06", "datePublication": "2023-12-07", "dateFin": "2024-05-07", "preseance": "16", "nominPrincipale": "1", "infosQualite": {"codeQualite": "Rapporteur", "libQualite": "Rapporteur", "libQualiteSex": "Rapporteur"}, "organes": {"organeRef": "PO831733"}}, {"@xmlns:xsi": "http://www.w3.org/2001/XMLSchema-instance", "@xsi:type": "MandatSimple_Type", "uid": "PM800764", "acteurRef": "PA795982", "legislature": "16", "typeOrgane": "GP", "dateDebut": "2022-06-29", "datePublication": "2022-06-29", "dateFin": "2024-06-09", "preseance": "20", "nominPrincipale": "1", "infosQualite": {"codeQualite": "Membre", "libQualite": "Membre du", "libQualiteSex": "Membre du"}, "organes": {"organeRef": "PO800490"}}, {"@xmlns:xsi": "http://www.w3.org/2001/XMLSchema-instance", "@xsi:type": "MandatSimple_Type", "uid": "PM832040", "acteurRef": "PA795982", "legislature": "16", "typeOrgane": "COMPER", "dateDebut": "2023-11-22", "datePublication": "2023-11-22", "dateFin": "2023-11-22", "preseance": "32", "nominPrincipale": "1", "infosQualite": {"codeQualite": "Membre", "libQualite": "Membre", "libQualiteSex": "Membre"}, "organes": {"organeRef": "PO59051"}}, {"@xmlns:xsi": "http://www.w3.org/2001/XMLSchema-instance", "@xsi:type": "MandatSimple_Type", "uid": "PM832091", "acteurRef": "PA795982", "legislature": "16", "typeOrgane": "COMPER", "dateDebut": "2023-11-23", "datePublication": "2023-11-23", "dateFin": "2023-11-28", "preseance": "16", "nominPrincipale": "1", "infosQualite": {"codeQualite": "Secr\u00e9taire", "libQualite": "Secr\u00e9taire", "libQualiteSex": "Secr\u00e9taire"}, "organes": {"organeRef": "PO59046"}}, {"@xmlns:xsi": "http://www.w3.org/2001/XMLSchema-instance", "@xsi:type": "MandatSimple_Type", "uid": "PM832592", "acteurRef": "PA795982", "legislature": "16", "typeOrgane": "COMPER", "dateDebut": "2023-12-02", "datePublication": "2023-12-02", "dateFin": "2023-12-02", "preseance": "32", "nominPrincipale": "1", "infosQualite": {"codeQualite": "Membre", "libQualite": "Membre", "libQualiteSex": "Membre"}, "organes": {"organeRef": "PO59051"}}, {"@xmlns:xsi": "http://www.w3.org/2001/XMLSchema-instance", "@xsi:type": "MandatSimple_Type", "uid": "PM801363", "acteurRef": "PA795982", "legislature": "16", "typeOrgane": "COMPER", "dateDebut": "2022-06-30", "datePublication": "2022-06-30", "dateFin": "2023-01-26", "preseance": "32", "nominPrincipale": "0", "infosQualite": {"codeQualite": "Membre", "libQualite": "Membre", "libQualiteSex": "Membre"}, "organes": {"organeRef": "PO59046"}}, {"@xmlns:xsi": "http://www.w3.org/2001/XMLSchema-instance", "@xsi:type": "MandatSimple_Type", "uid": "PM816964", "acteurRef": "PA795982", "legislature": "16", "typeOrgane": "COMPER", "dateDebut": "2023-01-27", "datePublication": "2023-01-27", "dateFin": "2023-01-27", "preseance": "32", "nominPrincipale": "1", "infosQualite": {"codeQualite": "Membre", "libQualite": "Membre", "libQualiteSex": "Membre"}, "organes": {"organeRef": "PO59048"}}, {"@xmlns:xsi": "http://www.w3.org/2001/XMLSchema-instance", "@xsi:type": "MandatSimple_Type", "uid": "PM832609", "acteurRef": "PA795982", "legislature": "16", "typeOrgane": "COMPER", "dateDebut": "2023-12-03", "datePublication": "2023-12-03", "dateFin": "2024-06-09", "preseance": "32", "nominPrincipale": "0", "infosQualite": {"codeQualite": "Membre", "libQualite": "Membre", "libQualiteSex": "Membre"}, "organes": {"organeRef": "PO59046"}}, {"@xmlns:xsi": "http://www.w3.org/2001/XMLSchema-instance", "@xsi:type": "MandatSimple_Type", "uid": "PM832334", "acteurRef": "PA795982", "legislature": "16", "typeOrgane": "COMPER", "dateDebut": "2023-11-30", "datePublication": "2023-11-30", "dateFin": "2023-12-01", "preseance": "32", "nominPrincipale": "0", "infosQualite": {"codeQualite": "Membre", "libQualite": "Membre", "libQualiteSex": "Membre"}, "organes": {"organeRef": "PO59046"}}, {"@xmlns:xsi": "http://www.w3.org/2001/XMLSchema-instance", "@xsi:type": "MandatSimple_Type", "uid": "PM832090", "acteurRef": "PA795982", "legislature": "16", "typeOrgane": "COMPER", "dateDebut": "2023-11-23", "datePublication": "2023-11-23", "dateFin": "2023-11-28", "preseance": "32", "nominPrincipale": "0", "infosQualite": {"codeQualite": "Membre", "libQualite": "Membre", "libQualiteSex": "Membre"}, "organes": {"organeRef": "PO59046"}}, {"@xmlns:xsi": "http://www.w3.org/2001/XMLSchema-instance", "@xsi:type": "MandatSimple_Type", "uid": "PM832305", "acteurRef": "PA795982", "legislature": "16", "typeOrgane": "COMPER", "dateDebut": "2023-11-29", "datePublication": "2023-11-29", "dateFin": "2023-11-29", "preseance": "32", "nominPrincipale": "1", "infosQualite": {"codeQualite": "Membre", "libQualite": "Membre", "libQualiteSex": "Membre"}, "organes": {"organeRef": "PO59051"}}, {"@xmlns:xsi": "http://www.w3.org/2001/XMLSchema-instance", "@xsi:type": "MandatSimple_Type", "uid": "PM817051", "acteurRef": "PA795982", "legislature": "16", "typeOrgane": "COMPER", "dateDebut": "2023-01-28", "datePublication": "2023-01-28", "dateFin": "2023-11-21", "preseance": "32", "nominPrincipale": "0", "infosQualite": {"codeQualite": "Membre", "libQualite": "Membre", "libQualiteSex": "Membre"}, "organes": {"organeRef": "PO59046"}}, {"@xmlns:xsi": "http://www.w3.org/2001/XMLSchema-instance", "@xsi:type": "MandatSimple_Type", "uid": "PM816437", "acteurRef": "PA795982", "legislature": "16", "typeOrgane": "ORGEXTPARL", "dateDebut": "2022-11-22", "datePublication": "2022-11-23", "dateFin": "2024-06-09", "preseance": "20", "nominPrincipale": "1", "infosQualite": {"codeQualite": "Titulaire", "libQualite": "Membre titulaire", "libQualiteSex": "Membre titulaire"}, "organes": {"organeRef": "PO763346"}}, {"@xmlns:xsi": "http://www.w3.org/2001/XMLSchema-instance", "@xsi:type": "MandatSimple_Type", "uid": "PM797788", "acteurRef": "PA795982", "legislature": "16", "typeOrgane": "GP", "dateDebut": "2022-06-22", "datePublication": null, "dateFin": "2022-06-28", "preseance": "28", "nominPrincipale": "1", "infosQualite": {"codeQualite": "D\u00e9put\u00e9 non-inscrit", "libQualite": "D\u00e9put\u00e9 non-inscrit", "libQualiteSex": "D\u00e9put\u00e9 non-inscrit"}, "organes": {"organeRef": "PO793087"}}, {"@xmlns:xsi": "http://www.w3.org/2001/XMLSchema-instance", "@xsi:type": "MandatSimple_Type", "uid": "PM820423", "acteurRef": "PA795982", "legislature": "16", "typeOrgane": "GE", "dateDebut": "2023-02-15", "datePublication": null, "dateFin": "2024-06-09", "preseance": "20", "nominPrincipale": "1", "infosQualite": {"codeQualite": "Membre", "libQualite": "Membre", "libQualiteSex": "Membre"}, "organes": {"organeRef": "PO810693"}}, {"@xmlns:xsi": "http://www.w3.org/2001/XMLSchema-instance", "@xsi:type": "MandatSimple_Type", "uid": "PM809276", "acteurRef": "PA795982", "legislature": "16", "typeOrgane": "GA", "dateDebut": "2022-12-08", "datePublication": null, "dateFin": "2024-06-09", "preseance": "20", "nominPrincipale": "1", "infosQualite": {"codeQualite": "Membre", "libQualite": "Membre", "libQualiteSex": "Membre"}, "organes": {"organeRef": "PO807226"}}, {"@xmlns:xsi": "http://www.w3.org/2001/XMLSchema-instance", "@xsi:type": "MandatSimple_Type", "uid": "PM810165", "acteurRef": "PA795982", "legislature": "16", "typeOrgane": "GA", "dateDebut": "2022-12-08", "datePublication": null, "dateFin": "2024-06-09", "preseance": "1", "nominPrincipale": "1", "infosQualite": {"codeQualite": "Pr\u00e9sident", "libQualite": "Pr\u00e9sident", "libQualiteSex": "Pr\u00e9sident"}, "organes": {"organeRef": "PO807628"}}, {"@xmlns:xsi": "http://www.w3.org/2001/XMLSchema-instance", "@xsi:type": "MandatSimple_Type", "uid": "PM809275", "acteurRef": "PA795982", "legislature": "16", "typeOrgane": "GA", "dateDebut": "2022-12-08", "datePublication": null, "dateFin": "2024-06-09", "preseance": "20", "nominPrincipale": "1", "infosQualite": {"codeQualite": "Membre", "libQualite": "Membre", "libQualiteSex": "Membre"}, "organes": {"organeRef": "PO808046"}}, {"@xmlns:xsi": "http://www.w3.org/2001/XMLSchema-instance", "@xsi:type": "MandatSimple_Type", "uid": "PM809277", "acteurRef": "PA795982", "legislature": "16", "typeOrgane": "GA", "dateDebut": "2022-12-08", "datePublication": null, "dateFin": "2024-06-09", "preseance": "20", "nominPrincipale": "1", "infosQualite": {"codeQualite": "Membre", "libQualite": "Membre", "libQualiteSex": "Membre"}, "organes": {"organeRef": "PO807926"}}, {"@xmlns:xsi": "http://www.w3.org/2001/XMLSchema-instance", "@xsi:type": "MandatSimple_Type", "uid": "PM810164", "acteurRef": "PA795982", "legislature": "16", "typeOrgane": "GA", "dateDebut": "2022-12-08", "datePublication": null, "dateFin": "2024-06-09", "preseance": "20", "nominPrincipale": "0", "infosQualite": {"codeQualite": "Membre", "libQualite": "Membre", "libQualiteSex": "Membre"}, "organes": {"organeRef": "PO807628"}}, {"@xmlns:xsi": "http://www.w3.org/2001/XMLSchema-instance", "@xsi:type": "MandatSimple_Type", "uid": "PM817052", "acteurRef": "PA795982", "legislature": "16", "typeOrgane": "COMPER", "dateDebut": "2023-01-28", "datePublication": "2023-01-28", "dateFin": "2023-11-21", "preseance": "16", "nominPrincipale": "1", "infosQualite": {"codeQualite": "Secr\u00e9taire", "libQualite": "Secr\u00e9taire", "libQualiteSex": "Secr\u00e9taire"}, "organes": {"organeRef": "PO59046"}}, {"@xmlns:xsi": "http://www.w3.org/2001/XMLSchema-instance", "@xsi:type": "MandatSimple_Type", "uid": "PM832336", "acteurRef": "PA795982", "legislature": "16", "typeOrgane": "COMPER", "dateDebut": "2023-11-30", "datePublication": "2023-11-30", "dateFin": "2023-12-01", "preseance": "16", "nominPrincipale": "1", "infosQualite": {"codeQualite": "Secr\u00e9taire", "libQualite": "Secr\u00e9taire", "libQualiteSex": "Secr\u00e9taire"}, "organes": {"organeRef": "PO59046"}}, {"@xmlns:xsi": "http://www.w3.org/2001/XMLSchema-instance", "@xsi:type": "MandatSimple_Type", "uid": "PM801808", "acteurRef": "PA795982", "legislature": "16", "typeOrgane": "COMPER", "dateDebut": "2022-06-30", "datePublication": "2022-07-01", "dateFin": "2023-01-26", "preseance": "16", "nominPrincipale": "1", "infosQualite": {"codeQualite": "Secr\u00e9taire", "libQualite": "Secr\u00e9taire", "libQualiteSex": "Secr\u00e9taire"}, "organes": {"organeRef": "PO59046"}}, {"@xmlns:xsi": "http://www.w3.org/2001/XMLSchema-instance", "@xsi:type": "MandatSimple_Type", "uid": "PM832610", "acteurRef": "PA795982", "legislature": "16", "typeOrgane": "COMPER", "dateDebut": "2023-12-03", "datePublication": "2023-12-03", "dateFin": "2024-06-09", "preseance": "16", "nominPrincipale": "1", "infosQualite": {"codeQualite": "Secr\u00e9taire", "libQualite": "Secr\u00e9taire", "libQualiteSex": "Secr\u00e9taire"}, "organes": {"organeRef": "PO59046"}}, {"@xmlns:xsi": "http://www.w3.org/2001/XMLSchema-instance", "@xsi:type": "MandatSimple_Type", "uid": "PM826175", "acteurRef": "PA795982", "legislature": "16", "typeOrgane": "CMP", "dateDebut": "2023-07-05", "datePublication": "2023-07-06", "dateFin": "2023-07-13", "preseance": "28", "nominPrincipale": "1", "infosQualite": {"codeQualite": "Suppl\u00e9ant", "libQualite": "Membre suppl\u00e9ant", "libQualiteSex": "Membre suppl\u00e9ant"}, "organes": {"organeRef": "PO826014"}}, {"@xmlns:xsi": "http://www.w3.org/2001/XMLSchema-instance", "@xsi:type": "MandatSimple_Type", "uid": "PM814109", "acteurRef": "PA795982", "legislature": "16", "typeOrgane": "GA", "dateDebut": "2022-12-20", "datePublication": null, "dateFin": "2024-06-09", "preseance": "8", "nominPrincipale": "1", "infosQualite": {"codeQualite": "Vice-Pr\u00e9sident", "libQualite": "Vice-Pr\u00e9sident", "libQualiteSex": "Vice-Pr\u00e9sident"}, "organes": {"organeRef": "PO807926"}}, {"@xmlns:xsi": "http://www.w3.org/2001/XMLSchema-instance", "@xsi:type": "MandatParlementaire_type", "uid": "PM797787", "acteurRef": "PA795982", "legislature": "16", "typeOrgane": "ASSEMBLEE", "dateDebut": "2022-06-19", "datePublication": null, "dateFin": "2024-06-09", "preseance": "50", "nominPrincipale": "1", "infosQualite": {"codeQualite": "membre", "libQualite": "membre", "libQualiteSex": "membre"}, "organes": {"organeRef": "PO791932"}, "suppleants": {"suppleant": {"dateDebut": "2022-06-19", "dateFin": "2024-06-09", "suppleantRef": "PA795986"}}, "chambre": null, "election": {"lieu": {"region": "Ile-de-France", "regionType": "M\u00e9tropolitain", "departement": "Hauts-de-Seine", "numDepartement": "92", "numCirco": "11"}, "causeMandat": "\u00e9lections g\u00e9n\u00e9rales", "refCirconscription": "PO792534"}, "mandature": {"datePriseFonction": "2022-06-22", "causeFin": "Fin de l\u00e9gislature", "premiereElection": "0", "placeHemicycle": "558", "mandatRemplaceRef": null}, "collaborateurs": null}]}}}